{
    "name": "root",
    "gauges": {
        "LevelKoala.Policy.Entropy.mean": {
            "value": 2.079188585281372,
            "min": 2.0791823863983154,
            "max": 2.0791900157928467,
            "count": 4
        },
        "LevelKoala.Policy.ExtrinsicValueEstimate.mean": {
            "value": -0.8031449317932129,
            "min": -0.813917875289917,
            "max": -0.7869084477424622,
            "count": 4
        },
        "LevelKoala.Policy.CuriosityValueEstimate.mean": {
            "value": 0.6712226867675781,
            "min": 0.6712226867675781,
            "max": 0.693513035774231,
            "count": 4
        },
        "LevelKoala.IsTraining.mean": {
            "value": 1.0,
            "min": 1.0,
            "max": 1.0,
            "count": 4
        }
    },
    "metadata": {
        "timer_format_version": "0.1.0",
        "start_time_seconds": "1593547082",
        "python_version": "3.7.3 (default, Apr 24 2020, 18:51:23) \n[Clang 11.0.3 (clang-1103.0.32.62)]",
        "command_line_arguments": "/Users/conor/Documents/ml-agents/venv/bin/mlagents-learn ppo/LevelKoala.yaml --env=envs/topdown-research --run-id=30_05_01 --num-envs=20 --no-graphics",
        "mlagents_version": "0.18.0.dev0",
        "mlagents_envs_version": "0.18.0.dev0",
        "communication_protocol_version": "1.0.0",
        "tensorflow_version": "2.2.0",
        "end_time_seconds": "1593547383"
    },
    "total": 300.963262505,
    "count": 1,
    "self": 0.009256241999992199,
    "children": {
        "run_training.setup": {
            "total": 0.13300362500000062,
            "count": 1,
            "self": 0.13300362500000062
        },
        "TrainerController.start_learning": {
            "total": 300.821002638,
            "count": 1,
            "self": 11.708954135000909,
            "children": {
                "TrainerController._reset_env": {
                    "total": 4.774383941000001,
                    "count": 1,
                    "self": 4.774383941000001
                },
                "TrainerController.advance": {
                    "total": 283.6960088169991,
                    "count": 2196,
                    "self": 0.052710256999375815,
                    "children": {
                        "env_step": {
                            "total": 283.6432985599997,
                            "count": 2196,
                            "self": 80.39049504500346,
                            "children": {
                                "SubprocessEnvManager._take_step": {
                                    "total": 202.68066313299545,
                                    "count": 43848,
                                    "self": 5.122137725986647,
                                    "children": {
                                        "NNPolicy.evaluate": {
                                            "total": 197.5585254070088,
                                            "count": 87695,
                                            "self": 197.5585254070088
                                        }
                                    }
                                },
                                "workers": {
                                    "total": 0.5721403820008142,
                                    "count": 2195,
                                    "self": 0.0,
                                    "children": {
                                        "worker_root": {
                                            "total": 5998.844372142981,
                                            "count": 43839,
                                            "is_parallel": true,
                                            "self": 5713.67321248298,
                                            "children": {
                                                "run_training.setup": {
                                                    "total": 0.0,
                                                    "count": 0,
                                                    "is_parallel": true,
                                                    "self": 0.0,
                                                    "children": {
                                                        "steps_from_proto": {
                                                            "total": 0.042793591999991776,
                                                            "count": 40,
                                                            "is_parallel": true,
                                                            "self": 0.0181392560000031,
                                                            "children": {
                                                                "_process_vector_observation": {
                                                                    "total": 0.024654335999988675,
                                                                    "count": 160,
                                                                    "is_parallel": true,
                                                                    "self": 0.024654335999988675
                                                                }
                                                            }
                                                        },
                                                        "UnityEnvironment.step": {
                                                            "total": 0.60395866,
                                                            "count": 20,
                                                            "is_parallel": true,
                                                            "self": 0.004601036999989816,
                                                            "children": {
                                                                "UnityEnvironment._generate_step_input": {
                                                                    "total": 0.0042507330000098875,
                                                                    "count": 20,
                                                                    "is_parallel": true,
                                                                    "self": 0.0042507330000098875
                                                                },
                                                                "communicator.exchange": {
                                                                    "total": 0.5741004329999981,
                                                                    "count": 20,
                                                                    "is_parallel": true,
                                                                    "self": 0.5741004329999981
                                                                },
                                                                "steps_from_proto": {
                                                                    "total": 0.021006457000002143,
                                                                    "count": 40,
                                                                    "is_parallel": true,
                                                                    "self": 0.009162553999981782,
                                                                    "children": {
                                                                        "_process_vector_observation": {
                                                                            "total": 0.011843903000020362,
                                                                            "count": 160,
                                                                            "is_parallel": true,